{"stats":{"minecraft:killed_by":{"minecraft:spider":1},"minecraft:mined":{"minecraft:poppy":1,"minecraft:fern":2},"minecraft:custom":{"minecraft:jump":92,"minecraft:time_since_rest":6449,"minecraft:leave_game":1,"minecraft:walk_on_water_one_cm":1247,"minecraft:damage_dealt":187,"minecraft:deaths":1,"minecraft:sprint_one_cm":8152,"minecraft:play_time":8113,"minecraft:damage_taken":360,"minecraft:time_since_death":6417,"minecraft:walk_one_cm":10448,"minecraft:total_world_time":8113,"minecraft:walk_under_water_one_cm":2272,"minecraft:swim_one_cm":103,"minecraft:fall_one_cm":1637,"minecraft:fly_one_cm":22298}},"DataVersion":3465}