{"stats":{"minecraft:custom":{"minecraft:jump":104,"minecraft:time_since_rest":9181,"minecraft:leave_game":1,"minecraft:sprint_one_cm":12271,"minecraft:play_time":9181,"minecraft:time_since_death":9181,"minecraft:walk_one_cm":11473,"minecraft:sneak_time":8,"minecraft:total_world_time":9181,"minecraft:fall_one_cm":2744,"minecraft:fly_one_cm":24059},"minecraft:mined":{"minecraft:grass":1,"minecraft:tall_grass":1,"minecraft:oak_log":1},"minecraft:picked_up":{"minecraft:oak_log":1}},"DataVersion":3463}