{"stats":{"minecraft:killed_by":{"minecraft:drowned":1},"minecraft:custom":{"minecraft:jump":101,"minecraft:time_since_rest":1417,"minecraft:leave_game":1,"minecraft:damage_dealt":9,"minecraft:deaths":1,"minecraft:damage_taken":340,"minecraft:sprint_one_cm":8611,"minecraft:play_time":3609,"minecraft:walk_on_water_one_cm":2051,"minecraft:time_since_death":1391,"minecraft:walk_one_cm":4355,"minecraft:sneak_time":14,"minecraft:total_world_time":3609,"minecraft:walk_under_water_one_cm":1617,"minecraft:swim_one_cm":6455,"minecraft:fall_one_cm":4226,"minecraft:fly_one_cm":22517}},"DataVersion":3700}