{"stats":{"minecraft:mined":{"minecraft:powder_snow":19,"minecraft:dirt":5},"minecraft:custom":{"minecraft:jump":130,"minecraft:time_since_rest":1552,"minecraft:leave_game":1,"minecraft:damage_dealt":42,"minecraft:crouch_one_cm":305,"minecraft:deaths":1,"minecraft:sprint_one_cm":8796,"minecraft:play_time":12318,"minecraft:damage_taken":285,"minecraft:time_since_death":1526,"minecraft:walk_one_cm":33350,"minecraft:sneak_time":312,"minecraft:total_world_time":12318,"minecraft:fall_one_cm":4315,"minecraft:fly_one_cm":4502},"minecraft:picked_up":{"minecraft:snowball":8,"minecraft:dirt":5,"minecraft:cobblestone":10},"minecraft:used":{"minecraft:dirt":4,"minecraft:cobblestone":5}},"DataVersion":3465}