{"stats":{"minecraft:used":{"minecraft:warden_spawn_egg":3,"minecraft:torch":7},"minecraft:killed_by":{"minecraft:spider":1},"minecraft:picked_up":{"minecraft:salmon":2,"minecraft:torch":1,"minecraft:bone_meal":1},"minecraft:custom":{"minecraft:time_since_rest":18465,"minecraft:deaths":1,"minecraft:play_time":20129,"minecraft:sprint_one_cm":16254,"minecraft:damage_taken":360,"minecraft:walk_one_cm":18135,"minecraft:sneak_time":117,"minecraft:walk_under_water_one_cm":19259,"minecraft:jump":189,"minecraft:damage_dealt":332,"minecraft:leave_game":2,"minecraft:walk_on_water_one_cm":2278,"minecraft:time_since_death":18433,"minecraft:total_world_time":20129,"minecraft:swim_one_cm":9876,"minecraft:fall_one_cm":1637,"minecraft:fly_one_cm":55163},"minecraft:mined":{"minecraft:poppy":1,"minecraft:fern":2}},"DataVersion":3465}