{"stats":{"minecraft:picked_up":{"minecraft:oak_log":2,"minecraft:wheat_seeds":1},"minecraft:killed_by":{"minecraft:zombie":1},"minecraft:dropped":{"minecraft:oak_log":1},"minecraft:mined":{"minecraft:tall_grass":1,"minecraft:grass":4,"minecraft:oak_log":1},"minecraft:custom":{"minecraft:jump":189,"minecraft:time_since_rest":31579,"minecraft:damage_dealt":14,"minecraft:damage_taken":210,"minecraft:leave_game":1,"minecraft:play_time":41581,"minecraft:sprint_one_cm":18333,"minecraft:time_since_death":31533,"minecraft:walk_one_cm":17300,"minecraft:sneak_time":8,"minecraft:total_world_time":41581,"minecraft:drop":1,"minecraft:fall_one_cm":3373,"minecraft:fly_one_cm":37866,"minecraft:deaths":1}},"DataVersion":3463}