{
  "minecraft:recipes/decorations/crafting_table": {
    "criteria": {
      "unlock_right_away": "2024-05-31 04:32:00 +0000"
    },
    "done": true
  },
  "minecraft:adventure/adventuring_time": {
    "criteria": {
      "minecraft:snowy_slopes": "2024-05-31 04:57:34 +0000",
      "minecraft:old_growth_pine_taiga": "2024-05-31 04:57:34 +0000",
      "minecraft:mushroom_fields": "2024-05-31 04:57:34 +0000",
      "minecraft:taiga": "2024-05-31 04:57:34 +0000",
      "minecraft:deep_ocean": "2024-05-31 04:57:34 +0000",
      "minecraft:eroded_badlands": "2024-05-31 04:57:34 +0000",
      "minecraft:frozen_river": "2024-05-31 04:57:34 +0000",
      "minecraft:cherry_grove": "2024-05-31 04:57:34 +0000",
      "minecraft:sunflower_plains": "2024-05-31 04:57:34 +0000",
      "minecraft:birch_forest": "2024-05-31 04:57:34 +0000",
      "minecraft:windswept_hills": "2024-05-31 04:57:34 +0000",
      "minecraft:bamboo_jungle": "2024-05-31 04:57:34 +0000",
      "minecraft:wooded_badlands": "2024-05-31 04:57:34 +0000",
      "minecraft:badlands": "2024-05-31 04:57:34 +0000",
      "minecraft:savanna_plateau": "2024-05-31 04:57:34 +0000",
      "minecraft:beach": "2024-05-31 04:57:34 +0000",
      "minecraft:dark_forest": "2024-05-31 04:57:34 +0000",
      "minecraft:stony_peaks": "2024-05-31 04:57:34 +0000",
      "minecraft:mangrove_swamp": "2024-05-31 04:57:34 +0000",
      "minecraft:sparse_jungle": "2024-05-31 04:57:34 +0000",
      "minecraft:lukewarm_ocean": "2024-05-31 04:57:34 +0000",
      "minecraft:river": "2024-05-31 04:57:34 +0000",
      "minecraft:snowy_plains": "2024-05-31 04:57:34 +0000",
      "minecraft:stony_shore": "2024-05-31 04:57:34 +0000",
      "minecraft:dripstone_caves": "2024-05-31 04:57:34 +0000",
      "minecraft:snowy_taiga": "2024-05-31 04:57:34 +0000",
      "minecraft:grove": "2024-05-31 04:57:34 +0000",
      "minecraft:swamp": "2024-05-31 04:57:34 +0000",
      "minecraft:jagged_peaks": "2024-05-31 04:57:34 +0000",
      "minecraft:cold_ocean": "2024-05-31 04:57:34 +0000",
      "minecraft:forest": "2024-05-31 04:57:34 +0000",
      "minecraft:lush_caves": "2024-05-31 04:57:34 +0000",
      "minecraft:deep_cold_ocean": "2024-05-31 04:57:34 +0000",
      "minecraft:ice_spikes": "2024-05-31 04:57:34 +0000",
      "minecraft:frozen_ocean": "2024-05-31 04:57:34 +0000",
      "minecraft:desert": "2024-05-31 04:57:34 +0000",
      "minecraft:deep_frozen_ocean": "2024-05-31 04:57:34 +0000",
      "minecraft:windswept_forest": "2024-05-31 04:57:34 +0000",
      "minecraft:jungle": "2024-05-31 04:57:34 +0000",
      "minecraft:ocean": "2024-05-31 04:57:34 +0000",
      "minecraft:old_growth_spruce_taiga": "2024-05-31 04:57:34 +0000",
      "minecraft:snowy_beach": "2024-05-31 04:57:34 +0000",
      "minecraft:windswept_savanna": "2024-05-31 04:57:34 +0000",
      "minecraft:warm_ocean": "2024-05-31 04:57:34 +0000",
      "minecraft:deep_lukewarm_ocean": "2024-05-31 04:57:34 +0000",
      "minecraft:flower_forest": "2024-05-31 04:57:34 +0000",
      "minecraft:frozen_peaks": "2024-05-31 04:57:34 +0000",
      "minecraft:old_growth_birch_forest": "2024-05-31 04:57:34 +0000",
      "minecraft:deep_dark": "2024-05-31 04:57:34 +0000",
      "minecraft:meadow": "2024-05-31 04:57:34 +0000",
      "minecraft:windswept_gravelly_hills": "2024-05-31 04:57:34 +0000",
      "minecraft:savanna": "2024-05-31 04:57:34 +0000",
      "minecraft:plains": "2024-05-31 04:32:00 +0000"
    },
    "done": true
  },
  "minecraft:recipes/misc/charcoal": {
    "criteria": {
      "has_log": "2024-05-31 04:32:17 +0000"
    },
    "done": true
  },
  "minecraft:recipes/building_blocks/oak_planks": {
    "criteria": {
      "has_logs": "2024-05-31 04:32:17 +0000"
    },
    "done": true
  },
  "minecraft:recipes/building_blocks/oak_wood": {
    "criteria": {
      "has_log": "2024-05-31 04:32:17 +0000"
    },
    "done": true
  },
  "minecraft:adventure/root": {
    "criteria": {
      "killed_by_something": "2024-05-31 04:55:53 +0000"
    },
    "done": true
  },
  "DataVersion": 3463
}